SCHOOL,LOCATION,DISTRICT,REGION
MIM SENIOR HIGH SCHOOL,MIM,ASUNAFO NORTH MUNICIPAL,AHAFO
AHAFOMAN SENIOR HIGH/TECH SCHOOL,GOASO,ASUNAFO NORTH MUNICIPAL,AHAFO
KUKUOM AGRIC SENIOR HIGH SCHOOL,KUKUOM,ASUNAFO SOUTH,AHAFO
SANKORE SENIOR HIGH SCHOOL,SANKORE,ASUNAFO SOUTH,AHAFO
GYAMFI KUMANINI SENIOR HIGH/TECH SCHOOL,WAMAHINSO,ASUTIFI NORTH,AHAFO
"OLA GIRLS SENIOR HIGH SCHOOL, KENYASI",KENYASI,ASUTIFI NORTH,AHAFO
ACHERENSUA SENIOR HIGH SCHOOL,ACHERENSUA,ASUTIFI SOUTH,AHAFO
HWIDIEM SENIOR HIGH SCHOOL,HWIDIEM,ASUTIFI SOUTH,AHAFO
TERCHIRE SENIOR HIGH SCHOOL,TERCHIRE,TANO NORTH,AHAFO
YAMFO ANGLICAN SENIOR HIGH SCHOOL,YAMFO,TANO NORTH,AHAFO
SERWAA KESSE GIRLS SENIOR HIGH SCHOOL,DUAYAW NKWANTA,TANO NORTH,AHAFO
BOAKYE TROMO SENIOR HIGH/TECH SCHOOL,DUAYAW NKWANTA,TANO NORTH,AHAFO
BOMAA COMM. SENIOR HIGH SCHOOL,BOMAA,TANO NORTH,AHAFO
DERMA COMM. DAY SENIOR HIGH SCHOOL,DERMA,TANO SOUTH,AHAFO
SAMUEL OTU PRESBY SENIOR HIGH SCHOOL,TECHIMANTIA,TANO SOUTH,AHAFO
BECHEM PRESBY SENIOR HIGH SCHOOL,BECHEM,TANO SOUTH,AHAFO
FOMENA T.I. AHMAD SENIOR HIGH SCHOOL,FOMENA,ADANSI NORTH,ASHANTI
ASARE BEDIAKO SENIOR HIGH SCHOOL,AKROKERRI,ADANSI NORTH,ASHANTI
DOMPOASE SENIOR HIGH SCHOOL,DOMPOASE,ADANSI NORTH,ASHANTI
BODWESANGO SENIOR HIGH SCHOOL,BODWESANGO,ADANSI NORTH,ASHANTI
AKROFUOM SENIOR HIGH/TECH SCHOOL,AKROFUOM,ADANSI SOUTH,ASHANTI
NEW EDUBIASE SENIOR HIGH SCHOOL,NEW EDUBIASE,ADANSI SOUTH,ASHANTI
OTUMFUO OSEI TUTU II COLLEGE,TETREM,AFIGYA-KWABERE,ASHANTI
ADUMAN SENIOR HIGH SCHOOL,ADUMAN,AFIGYA-KWABERE,ASHANTI
AFIGYAMAN SENIOR HIGH SCHOOL,KYEKYEWERE,AFIGYA-KWABRE,ASHANTI
"ST. MICHAEL'S SENIOR HIGH SCHOOL, AHENKRO",AHENKRO,AFIGYA-KWABRE,ASHANTI
TEPA SENIOR HIGH SCHOOL,TEPA,AHAFO ANO NORTH,ASHANTI
MAABANG SENIOR HIGH/TECH SCHOOL,MAABANG,AHAFO ANO NORTH,ASHANTI
SABRONUM METHODIST SENIOR HIGH/TECH SCHOOL,SABRONUM/HABI TAT,AHAFO ANO SOUTH,ASHANTI
ADUGYAMA COMM. SENIOR HIGH SCHOOL,ADUGYAMA,AHAFO ANO SOUTH,ASHANTI
MANKRANSO SENIOR HIGH SCHOOL,MANKRANSO,AHAFO ANO SOUTH,ASHANTI
TWEAPEASE SENIOR HIGH SCHOOL,TWEAPEASE,AMANSIE CENTRAL,ASHANTI
JACOBU SENIOR HIGH/TECH. SCHOOL,JACOBU,AMANSIE CENTRAL,ASHANTI
ESAASE BONTEFUFUO SNR. HIGH/TECH. SCHOOL,ESAASE BONTEFUFUO,AMANSIE WEST,ASHANTI
MANSOMAN SENIOR HIGH SCHOOL,MANSO ATWERE,AMANSIE WEST,ASHANTI
MANSO-ADUBIA SENIOR HIGH SCHOOL,ADUBIA,AMANSIE WEST,ASHANTI
"WESLEY SENIOR HIGH SCHOOL, KONONGO",KONONGO,ASANTE AKIM CENTRAL MUNICIPAL,ASHANTI
"ST. MARY'S GIRL'S SENIOR HIGH, KONONGO",KONONGO,ASANTE AKIM CENTRAL MUNICIPAL,ASHANTI
KONONGO ODUMASE SENIOR HIGH SCHOOL,ODUMASE,ASANTE AKIM CENTRAL MUNICIPAL,ASHANTI
AGOGO STATE COLLEGE,AGOGO,ASANTE AKIM NORTH,ASHANTI
"COLLINS SENIOR HIGH/COMMERCIAL SCHOOL, AGOGO",AGOGO,ASANTE AKIM NORTH,ASHANTI
OWERRIMAN SENIOR HIGH SCHOOL,DOMEABRA,ASANTE AKIM NORTH,ASHANTI
KUROFA METHODIST SENIOR HIGH SCHOOL,KUROFA,ASANTE AKIM SOUTH,ASHANTI
BOMPATA PRESBY SENIOR HIGH SCHOOL,BOMPATA,ASANTE AKIM SOUTH,ASHANTI
JUASO SENIOR HIGH/TECH SCHOOL,JUASO,ASANTE AKIM SOUTH,ASHANTI
JUBILEE SENIOR HIGH SCHOOL,DAMPONG,ASANTE AKIM SOUTH,ASHANTI
OFOASE SENIOR HIGH/TECH SCHOOL,OFOASE,ASANTE AKIM SOUTH,ASHANTI
BANKA COMM. SENIOR HIGH SCHOOL,BANKA,ASANTE AKIM SOUTH,ASHANTI
PARKOSO COMM. SENIOR HIGH SCHOOL,PARKOSO,ASOKORE MAMPONG MUNICIPAL,ASHANTI
KUMASI ACADEMY,ASOKORE ,ASOKORE MAMPONG MUNICIPAL,ASHANTI
SAKAFIA ISLAMIC SENIOR HIGH SCHOOL,SAWABA,ASOKORE MAMPONG MUNICIPAL,ASHANTI
AFUA KOBI AMPEM GIRLS' SENIOR HIGH SCHOOL,TRABUOM,ATWIMA KWANWOMA,ASHANTI
ATWIMA KWANWOMA SENIOR HIGH/TECH SCHOOL,TREDE,ATWIMA KWANWOMA,ASHANTI
KWANWOMA SENIOR HIGH SCHOOL,ADUM KWANWOMA,ATWIMA KWANWOMA,ASHANTI
MPASATIA SENIOR HIGH/TECH SCHOOL,MPASATIA,ATWIMA MPONUA,ASHANTI
NYINAHIN CATH. SENIOR HIGH SCHOOL,NYINAHIN,ATWIMA MPONUA,ASHANTI
ADOBEWORA COMM. SENIOR HIGH SCHOOL,ADOBEWORA,ATWIMA MPONUA,ASHANTI
BAREKESE SENIOR HIGH SCHOOL,BAREKESE,ATWIMA NWABIAGYA,ASHANTI
"OSEI TUTU SENIOR HIGH SCHOOL, AKROPONG",AKROPONG,ATWIMA NWABIAGYA,ASHANTI
NKAWIE SENIOR HIGH/TECH SCHOOL,NKAWIE,ATWIMA NWABIAGYA,ASHANTI
TOASE SENIOR HIGH SCHOOL,TOASE,ATWIMA NWABIAGYA,ASHANTI
OPPONG MEM. SENIOR HIGH SCHOOL,KOKOFU,BEKWAI MUNICIPAL,ASHANTI
OFOASE KOKOBEN SENIOR HIGH SCHOOL,OFOASE KOKOBIN ,BEKWAI MUNICIPAL,ASHANTI
"S.D.A. SENIOR HIGH SCHOOL, BEKWAI",BEKWAI,BEKWAI MUNICIPAL,ASHANTI
"WESLEY HIGH SCHOOL, BEKWAI",BEKWAI,BEKWAI MUNICIPAL,ASHANTI
"ST. JOSEPH SENIOR HIGH/TECH SCHOOL, AHWIREN",AHWIREN,BEKWAI MUNICIPAL,ASHANTI
DENYASEMAN CATH.SENIOR HIGH SCHOOL,POANO,BEKWAI MUNICIPAL,ASHANTI
BOSOME SENIOR HIGH/TECH. SCHOOL,ASIWA,BOSOME FREHO,ASHANTI
ST. MICHAEL TECH/VOC INST,PRAMSO,BOSOMTWE,ASHANTI
JACHIE PRAMSO SENIOR HIGH SCHOOL,JACHIE PRAMSO,BOSOMTWE,ASHANTI
ST. GEORGE'S SENIOR HIGH TECH SCHOOL,KUNTANASE,BOSOMTWE,ASHANTI
BEPOSO SENIOR HIGH SCHOOL,BEPOSO,BOSOMTWE,ASHANTI
OSEI ADUTWUM SENIOR HIGH SCHOOL,JACHIE,BOSOMTWE ,ASHANTI
BOSOMTWE OYOKO COMM. SENIOR HIGH SCHOOL,BOSOMTWE OYOKO,BOSOMTWE ,ASHANTI
CHURCH OF CHRIST SENIOR HIGH SCHOOL,[NEAR] WOE,EJISU JUABEN,ASHANTI
ST. SEBASTIAN CATH. SENIOR HIGH SCHOOL,ADUMASA,EJISU JUABEN,ASHANTI
JUABEN SENIOR HIGH SCHOOL,JUABEN,EJISU JUABEN MUNICIPAL,ASHANTI
BONWIRE SENIOR HIGH/TECH SCHOOL,BONWIRE,EJISU JUABEN MUNICIPAL,ASHANTI
EJISUMAN SENIOR HIGH SCHOOL,EJISU,EJISU JUABEN MUNICIPAL,ASHANTI
EJISU SENIOR HIGH/TECH SCHOOL,EJISU,EJISU JUABEN MUNICIPAL,ASHANTI
ACHINAKROM SENIOR HIGH SCHOOL,ACHINAKROM,EJISU JUABEN MUNICIPAL,ASHANTI
ONWE SENIOR HIGH SCHOOL,EJISU ONWE,EJISU ONWE,ASHANTI
EJURAMAN ANGLICAN SENIOR HIGH SCHOOL,EJURA,EJURA/SEKYEDUMASE,ASHANTI
SEKYEDUMASE SENIOR HIGH/TECH SCHOOL,SEKYEDUMASE,EJURA/SEKYEDUMASE,ASHANTI
AKWESI AWOBAA SENIOR HIGH SCHOOL,ANYINASU,EJURA/SEKYEDUMASE,ASHANTI
"PENTECOST SENIOR HIGH SCHOOL, KUMASI","BREMAN WEST, KUMASI",KUMASI METRO,ASHANTI
OSEI KYERETWIE SENIOR HIGH SCHOOL,OLD TAFO - KUMASI,KUMASI METRO,ASHANTI
"AL-AZARIYA ISLAMIC SENIOR HIGH SCHOOL, KUMASI","OLD TAFO, KUMASI",KUMASI METRO,ASHANTI
KUMASI GIRLS SENIOR HIGH SCHOOL,ABREPO,KUMASI METRO,ASHANTI
"UTHMANIYA SENIOR HIGH SCHOOL, TAFO",TAFO,KUMASI METRO,ASHANTI
KUMASI WESLEY GIRLS HIGH SCHOOL,OLD TAFO - KUMASI,KUMASI METRO,ASHANTI
ASANTEMAN SENIOR HIGH SCHOOL,BANTAMA,KUMASI METRO,ASHANTI
"ADVENTIST  SENIOR HIGH SCHOOL, KUMASI",BANTAMA-KUMASI,KUMASI METRO,ASHANTI
SERWAAH NYARKO GIRLS' SENIOR HIGH SCHOOL,DICHEMSO,KUMASI METRO,ASHANTI
PREMPEH COLLEGE,SOFOLINE-KUMASI,KUMASI METRO,ASHANTI
"NURU-AMEEN ISLAMIC SENIOR HIGH SCHOOL, ASEWASE",ASEWASE,KUMASI METRO,ASHANTI
TAWHEED SENIOR HIGH SCHOOL,KUMASI-AKWATIA LINE,KUMASI METRO,ASHANTI
YAA ASANTEWAA GIRLS SENIOR HIGH SCHOOL,TANOSO-KUMASI,KUMASI METRO,ASHANTI
PRINCE OF PEACE GIRLS,KWADASO ESTATES,KUMASI METRO,ASHANTI
"ST. LOUIS SENIOR HIGH SCHOOL, KUMASI",ODUOM-KUMASI,KUMASI METRO,ASHANTI
"ARMED FORCES SENIOR HIGH/TECH SCHOOL, KUMASI",BANTAMA-KUMASI,KUMASI METRO,ASHANTI
KUMASI TECH. INST.,KUMASI,KUMASI METRO,ASHANTI
"ANGLICAN SENIOR HIGH SCHOOL, KUMASI",ASEM-KUMASI,KUMASI METRO,ASHANTI
KNUST SENIOR HIGH SCHOOL,KNUST,KUMASI METRO,ASHANTI
"T. I. AHMADIYYA SENIOR HIGH SCHOOL, KUMASI",KUMASI - STADIUM ,KUMASI METRO,ASHANTI
KUMASI SENIOR HIGH/TECH SCHOOL,PATASI-KUMASI,KUMASI METRO,ASHANTI
"AGRIC NZEMA SENIOR HIGH SCHOOL, KUMASI","KUMASI, AGRIC NZEMA",KUMASI METRO,ASHANTI
OPOKU WARE SENIOR HIGH SCHOOL,SANTASI-KUMASI,KUMASI METRO,ASHANTI
"ST. HUBERT SEM/SENIOR HIGH SCHOOL, KUMASI",SANTASI-KUMASI,KUMASI METRO,ASHANTI
KUMASI SENIOR HIGH SCHOOL,GYINYASE-KUMASI,KUMASI METRO,ASHANTI
"ISLAMIC SENIOR HIGH SCHOOL, AMPABAME",AMPABAME,KUMASI METRO.,ASHANTI
METHODIST TECHNINCAL  INSTITUTE,KWADASO,KUMASI METRO.,ASHANTI
"ADVENTIST GIRLS SENIOR HIGH SCHOOL, NTONSO",NTONSO,KWABRE EAST,ASHANTI
ADANWOMASE SENIOR HIGH SCHOOL,ADANWOMASE,KWABRE EAST,ASHANTI
GYAAMA PENSAN SENIOR HIGH/TECH SCHOOL,ABOASO-ASHANTI,KWABRE EAST,ASHANTI
KOFI ADJEI SENIOR HIGH/TECH SCHOOL,BAMPENASE,KWABRE EAST,ASHANTI
SIMMS SENIOR HIGH/COM. SCHOOL,FAWOADE,KWABRE EAST,ASHANTI
ANTOA SENIOR HIGH SCHOOL,ANTOA,KWABRE EAST,ASHANTI
OPOKU AGYEMAN SENIOR HIGH/TECH SCHOOL,APAAH,MAMPONG MUNICIPAL,ASHANTI
KOFIASE ADVENTIST SENIOR HIGH/TECH. SCHOOL,KOFIASE,MAMPONG MUNICIPAL,ASHANTI
AMANIAMPONG SENIOR HIGH SCHOOL,MAMPONG,MAMPONG MUNICIPAL,ASHANTI
"ST. JOSEPH SEM/SENIOR HIGH SCHOOL, MAMPONG",MAMPONG,MAMPONG MUNICIPAL,ASHANTI
"ST. MONICA'S SENIOR HIGH SCHOOL, MAMPONG",MAMPONG,MAMPONG MUNICIPAL,ASHANTI
SPIRITAN SENIOR HIGH SCHOOL,ADANKWAME,NKAWIE,ASHANTI
"CHRIST THE KING CATH., OBUASI",OBUASI,OBUASI MUNICIPAL,ASHANTI
OBUASI SENIOR HIGH/TECH SCHOOL,OBUASI,OBUASI MUNICIPAL,ASHANTI
"ST. JEROME SENIOR HIGH SCHOOL, ABOFOUR",ABOFOUR,OFFINSO MUNICIPAL,ASHANTI
NAMONG SENIOR HIGH/TECH SCHOOL,NAMONG,OFFINSO MUNICIPAL,ASHANTI
DWAMENA AKENTEN SENIOR HIGH SCHOOL,OFFINSO,OFFINSO MUNICIPAL,ASHANTI
WIAFE AKENTEN PRESBY SENIOR HIGH SCHOOL,AFRANCHO,OFFINSO NORTH,ASHANTI
AKUMADAN SENIOR HIGH SCHOOL,AKUMADAN,OFFINSO NORTH,ASHANTI
NKENKANSU COMMUNITY SENIOR HIGH SCHOOL,NKENKANSU,OFFINSO NORTH,ASHANTI
ASUOSO COMM. SENIOR HIGH SCHOOL,ASUOSO,OFFINSO NORTH,ASHANTI
NSUTAMAN CATH. SENIOR HIGH SCHOOL,NSUTA,SEKYERE CENTRAL,ASHANTI
GHANA MUSLIM MISSION SENIOR HIGH SCHOOL,BEPOSO,SEKYERE CENTRAL,ASHANTI
"PRESBY SENIOR HIGH/TECH SCHOOL, KWAMANG",KWAMANG,SEKYERE CENTRAL,ASHANTI
TIJJANIYA SENIOR HIGH SCHOOL,ASOKORE ,SEKYERE EAST,ASHANTI
"T. I. AHMADIYYA GIRL'S SENIOR HIGH SCHOOL, ASOKORE",ASOKORE ,SEKYERE EAST,ASHANTI
KROBEA ASANTE TECH/VOC SCHOOL,ASOKORE,SEKYERE EAST,ASHANTI
EFFIDUASE SENIOR HIGH/COM SCHOOL,EFFIDUASE,SEKYERE EAST,ASHANTI
EFFIDUASE SENIOR HIGH/TECH SCHOOL,AKYAWKROM,SEKYERE EAST,ASHANTI
BANKOMAN SENIOR HIGH SCHOOL,BANKO,SEKYERE KUMAWU,ASHANTI
TWENEBOA KODUA SENIOR HIGH SCHOOL,KUMAWU,SEKYERE KUMAWU,ASHANTI
DADEASE AGRIC SENIOR HIGH SCHOOL,DADEASE,SEKYERE KUMAWU,ASHANTI
BODOMASE SENIOR HIGH/TECH SCHOOL,BODOMASE,SEKYERE KUMAWU,ASHANTI
OKOMFO ANOKYE SENIOR HIGH SCHOOL,WIAMOASE,SEKYERE SOUTH,ASHANTI
ADU GYAMFI SENIOR HIGH SCHOOL,JAMASI,SEKYERE SOUTH,ASHANTI
"S.D.A. SENIOR HIGH SCHOOL, AGONA",AGONA,SEKYERE SOUTH,ASHANTI
AGONA SENIOR HIGH/TECH SCHOOL,AGONA,SEKYERE SOUTH,ASHANTI
KONADU YIADOM CATHOLIC SENIOR HIGH SCHOOL,ASAMANG,SEKYERE SOUTH,ASHANTI
BANDAMAN SENIOR HIGH SCHOOL,BANDA AHENKRO,BANDA,BONO
BEREKUM PRESBY SENIOR HIGH SCHOOL,BEREKUM ,BEREKUM-MUNICIPAL,BONO
BEREKUM SENIOR HIGH SCHOOL,BEREKUM ,BEREKUM-MUNICIPAL,BONO
JINIJINI SENIOR HIGH SCHOOL ,JINIJINI,BEREKUM-MUNICIPAL,BONO
"ST. AUGUSTINE SENIOR HIGH SCHOOL, NSAPOR-BEREKUM",NSAPOR-BEREKUM,BEREKUM-MUNICIPAL,BONO
"METHODIST SENIOR HIGH/TECH SCHOOL,BIADAN",BIADAN,BEREKUM-MUNICIPAL,BONO
DORMAA SENIOR HIGH SCHOOL,DORMAA AHENKRO,DORMAA CENTRAL MUNICIPAL,BONO
"SALVATION ARMY SENIOR HIGH SCHOOL, ABOABO DORMAA",ABOABO-DORMAA,DORMAA CENTRAL MUNICIPAL,BONO
MANSEN SENIOR HIGH SCHOOL,WAMFIE,DORMAA EAST,BONO
WAMANAFO SENIOR HIGH/TECH SCHOOL,WAMANAFO,DORMAA EAST,BONO
NKRANKWANTA COMM SENIOR HIGH SCHOOL,NKRANKWANTA,DORMAA WEST,BONO
"ST. ANN'S GIRLS SENIOR HIGH SCHOOL, SAMPA",SAMPA,JAMAN NORTH,BONO
NAFANA SENIOR HIGH SCHOOL,SAMPA,JAMAN NORTH,BONO
SUMAMAN SENIOR HIGH SCHOOL,SUMA-AHENKRO,JAMAN NORTH,BONO
DIAMONO SENIOR HIGH SCHOOL,DUADASO NO.2,JAMAN NORTH,BONO
GOKA SENIOR HIGH/TECH SCHOOL,GOKA,JAMAN NORTH,BONO
DUADASO NO. 1 SENIOR HIGH/TECH SCHOOL,DUADASO,JAMAN NORTH,BONO
DROBO SENIOR HIGH SCHOOL,DROBO,JAMAN SOUTH,BONO
OUR LADY OF PROVIDENCE SENIOR HIGH SCHOOL,KWASI BUOKROM,JAMAN SOUTH,BONO
"S.D.A SENIOR HIGH SCHOOL, SUNYANI",SUNYANI,SUNYANI MUNICIPAL,BONO
TWENE AMANFO SENIOR HIGH/TECH SCHOOL,SUNYANI,SUNYANI MUNICIPAL,BONO
SUNYANI METHODIST TECHNICAL INST.,SUNYANI,SUNYANI MUNICIPAL,BONO
"ST. JAMES SEM & SENIOR HIGH SCHOOL, ABESIM",ABESIM,SUNYANI MUNICIPAL,BONO
SUNYANI SENIOR HIGH SCHOOL,SUNYANI,SUNYANI MUNICIPAL,BONO
"SACRED HEART SENIOR HIGH SCHOOL, NSOATRE",NSOATRE,SUNYANI WEST,BONO
CHIRAA SENIOR HIGH SCHOOL,CHIRAA,SUNYANI WEST,BONO
ODOMASEMAN SENIOR HIGH SCHOOL,ODOMASE,SUNYANI WEST,BONO
DON BOSCO VOC./TECH. INST.,ODUMASI ,SUNYANI WEST,BONO
"NOTRE DAME GIRLS SENIOR HIGH SCHOOL, SUNYANI",SUNYANI,SUNYANI WEST,BONO
MENJI SENIOR HIGH SCHOOL,MENJI,TAIN,BONO
NSAWKAW STATE SENIOR HIGH SCHOOL,NSAWKAW,TAIN,BONO
NKORANMAN SENIOR HIGH SCHOOL,SEIKWA,TAIN,BONO
BADU SENIOR HIGH/TECH SCHOOL,BADU/WENCHI,TAIN,BONO
NKYERAA SENIOR HIGH SCHOOL,NCHIRAA,WENCHI MUNICIPAL,BONO
WENCHI METH. SENIOR HIGH SCHOOL,WENCHI,WENCHI MUNICIPAL,BONO
KOASE SENIOR HIGH/TECH SCHOOL,KOASE/WENCHI,WENCHI MUNICIPAL,BONO
ISTIQUAAMA SENIOR HIGH SCHOOL,WENCHI,WENCHI MUNICIPAL,BONO
ATEBUBU SENIOR HIGH SCHOOL,ATEBUBU,ATEBUBU-AMANTIN,BONO EAST
NEW KROKOMPE COMM. SENIOR HIGH SCHOOL,NEW KONKROMPE ,ATEBUBU-AMANTIN,BONO EAST
AMANTEN SENIOR HIGH SCHOOL,AMANTEN,ATEBUBU-AMANTIN,BONO EAST
NEW LONGORO COMM SENIOR HIGH SCHOOL (DEGA),NEW LONGORO,KINTAMPO NORTH,BONO EAST
KINTAMPO SENIOR HIGH SCHOOL,KINTAMPO,KINTAMPO NORTH MUNICIPAL,BONO EAST
JEMA SENIOR HIGH SCHOOL,JEMA,KINTAMPO SOUTH,BONO EAST
NKORANZA TECH INST.,NKORANZA,NKORANZA,BONO EAST
OSEI BONSU SENIOR HIGH SCHOOL,YEFRI,NKORANZA NORTH,BONO EAST
BUSUNYA SENIOR HIGH SCHOOL,BUSUNYA,NKORANZA NORTH,BONO EAST
KWABRE SENIOR HIGH SCHOOL,AKUMA,NKORANZA SOUTH,BONO EAST
NKORANZA SENIOR HIGH/TECH SCHOOL,NKORANZA,NKORANZA SOUTH,BONO EAST
YEJI SENIOR HIGH/TECH SCHOOL,YEJI,PRU,BONO EAST
PRANG SENIOR HIGH,PRANG,PRU,BONO EAST
ABEASEMAN COMM. DAY SENIOR HIGH SCHOOL,ABEASE,PRU,BONO EAST
BASSA COMMUNITY SENIOR HIGH SCHOOL,BODINKA,SENE EAST,BONO EAST
KAJAJI SENIOR HIGH SCHOOL,KAJAJI,SENE EAST,BONO EAST
KWAME DANSO SENIOR HIGH/TECH SCHOOL,KWAME DANSO,SENE WEST,BONO EAST
GYARKO COMM. DAY SENIOR HIGH SCHOOL,TECHIMAN,TECHIMAN MUNICIPAL,BONO EAST
KESSE BASAHYIA SENIOR HIGH SCHOOL,TECHIMAN OFORIKROM,TECHIMAN MUNICIPAL,BONO EAST
TECHIMAN SENIOR HIGH SCHOOL,TECHIMAN,TECHIMAN MUNICIPAL,BONO EAST
"OUR LADY OF MOUNT CARMEL GIRLS SENIOR HIGH SCHOOL, TECHIMAN",TECHIMAN,TECHIMAN MUNICIPAL,BONO EAST
YEBOAH ASUAMAH SENIOR HIGH SCHOOL,NSUTA,TECHIMAN MUNICIPAL,BONO EAST
KWARTENG ANKOMAH SENIOR HIGH SCHOOL,TANOSO-TECHMIAN,TECHIMAN MUNICIPAL,BONO EAST
GUAKRO EFFAH SENIOR HIGH SCHOOL,OFFUMAN,TECHIMAN NORTH,BONO EAST
"ST. FRANCIS SEMINARY/SENIOR HIGH SCHOOL, BUOYEM",BUOYEM,TECHIMAN NORTH,BONO EAST
TUOBODOM SENIOR HIGH/TECH SCHOOL,TUOBODOM,TECHIMAN NORTH,BONO EAST
AMEYAW AKUMFI SENIOR HIGH/TECH SCHOOL,AWOROWA,TECHIMAN NORTH,BONO EAST
KROBO COMM.SENIOR HIGH SCHOOL,KROBO,TECHIMAN NORTH,BONO EAST
ABRAFI SENIOR HIGH SCHOOL,TECHIMAN,TANO NORTH,BONO EAST 
ASUANSI TECH. INST.,ASUANSI,ABURA/ASEBU/ KWAMAN,CENTRAL
ABURAMAN SENIOR HIGH SCHOOL,ABURA DUNKWA,ABURA/ASEBU/ KWAMANKESE,CENTRAL
ABAKRAMPA SENIOR HIGH/TECH SCHOOL,ABAKRAMPA,ABURA/ASEBU/ KWAMANKESE,CENTRAL
MOREE COMM. SENIOR HIGH SCHOOL,MOREE,ABURA/ASEBU/ KWAMANKESE,CENTRAL
AGGREY MEM. A.M.E.ZION SENIOR HIGH SCHOOL,CAPE COAST,ABURA/ASEBU/ KWAMANKESE,CENTRAL
NSABA PRESBY SENIOR HIGH SCHOOL,NSABA,AGONA EAST,CENTRAL
AGONA NAMONWORA COMM.SENIOR HIGH SCHOOL,AGONA NAMONWORA,AGONA EAST,CENTRAL
KWANYAKO SENIOR HIGH SCHOOL,KWANYAKO,AGONA EAST,CENTRAL
SWEDRU SENIOR HIGH SCHOOL,SWEDRU,AGONA EAST,CENTRAL
SIDDIQ SENIOR HIGH SCHOOL,AGONA NYAKROM,AGONA WEST MUNICIPAL,CENTRAL
NYAKROM SENIOR HIGH TECH SCHOOL,NYAKROM,AGONA WEST MUNICIPAL,CENTRAL
AGONA FANKOBAA SENIOR HIGH SCHOOL,AGONA FANKOBAA,AGONA WEST MUNICIPAL,CENTRAL
SWEDRU SCH. OF BUSINESS,SWEDRU,AGONA WEST MUNICIPAL,CENTRAL
BISEASE SENIOR HIGH/COMM. SCHOOL,BISEASE,AJUMAKO/ ENYAN/ESIAM,CENTRAL
ENYAN DENKYIRA SENIOR HIGH SCHOOL,DENKYIRA,AJUMAKO/ ENYAN/ESIAM,CENTRAL
MANDO SENIOR HIGH/TECH SCHOOL,MANDO,AJUMAKO/ ENYAN/ESIAM,CENTRAL
ENYAN MAIM COMM. DAY SENIOR HIGH SCHOOL,ENYAN MAIM ,AJUMAKO/ ENYAN/ESIAM,CENTRAL
ENYAN-ABAASA TECHNICAL INSTITUTE,ENYAN-ABAASA,AJUMAKO/ENYAN /ESSIAM,CENTRAL
BRAKWA SENIOR HIGH/TECH SCHOOL,BRAKWA,ASIKUMA/ODOBEN/ BRAKWA,CENTRAL
ODOBEN SENIOR HIGH SCHOOL,ODOBEN,ASIKUMA/ODOBEN/ BRAKWA,CENTRAL
BREMAN ASIKUMA SENIOR HIGH SCHOOL,BREMAN ,ASIKUMA/ODOBEN/ BRAKWA,CENTRAL
ASSIN NORTH SENIOR HIGH/TECH SCHOOL,ASSIN ASEMPANEYE,ASSIN NORTH MUNICIPAL,CENTRAL
ASSIN STATE COLLEGE,ASSIN BEREKU,ASSIN NORTH MUNICIPAL,CENTRAL
GYAASE COMMUNITY SENIOR HIGH SCHOOL,ASSIN-AKONFUDI,ASSIN NORTH MUNICIPAL,CENTRAL
OBIRI YEBOAH SENIOR HIGH/TECHNICAL SCHOOL,ASSIN FOSU,ASSIN NORTH MUNICIPAL,CENTRAL
ASSIN NSUTA SENIOR HIGH SCHOOL,ASSIN NSUTA,ASSIN SOUTH,CENTRAL
ASSIN MANSO SENIOR HIGH SCHOOL,ASSIN MANSO,ASSIN SOUTH,CENTRAL
ADANKWAMAN SENIOR HIGH SCHOOL,ASSIN DARMANG,ASSIN SOUTH,CENTRAL
NYANKUMASE AHENKRO SENIOR HIGH SCHOOL,NYANKUMASE AHENKRO,ASSIN SOUTH,CENTRAL
BONTRASE SENIOR HIGH TECH. SCHOOL,JEI KRODUA,AWUTU SENYA,CENTRAL
AWUTU BAWJIASE COMM SENIOR HIGH SCHOOL,BAWJIASE,AWUTU/SENYA,CENTRAL
OBRACHIRE SENIOR HIGH/TECH SCHOOL,OBRAKYERE,AWUTU/SENYA,CENTRAL
ODUPONG COMM. DAY SCHOOL,ODUPONG-KASOA,AWUTU/SENYA,CENTRAL
AWUTU WINTON SENIOR HIGH SCHOOL,AWUTU ,AWUTU/SENYA,CENTRAL
SENYA SENIOR HIGH SCHOOL,SENYA,AWUTU/SENYA,CENTRAL
CAPE COAST TECH. INST.,CAPE COAST,CAPE COAST,CENTRAL
EFFUTU SENIOR HIGH/TECH SCHOOL,CAPE COAST,CAPE COAST METRO,CENTRAL
"ACADEMY OF CHRIST THE KING, CAPE COAST",CAPE COAST,CAPE COAST METRO,CENTRAL
"WESLEY GIRLS SENIOR HIGH SCHOOL, CAPE COAST",CAPE COAST,CAPE COAST METRO,CENTRAL
GHANA NATIONAL COLLEGE,CAPE COAST,CAPE COAST METRO,CENTRAL
UNIVERSITY PRACTICE SENIOR HIGH SCHOOL,CAPE COAST,CAPE COAST METRO,CENTRAL
"HOLY CHILD SCHOOL, CAPE COAST",CAPE COAST,CAPE COAST METRO,CENTRAL
ADISADEL COLLEGE,CAPE COAST,CAPE COAST METRO,CENTRAL
OGUAA SENIOR HIGH/TECH SCHOOL,CAPE COAST,CAPE COAST METRO,CENTRAL
MFANTSIPIM SCHOOL,CAPE COAST,CAPE COAST METRO,CENTRAL
"ST. AUGUSTINE'S COLLEGE, CAPE COAST",CAPE COAST,CAPE COAST METRO,CENTRAL
WINNEBA SENIOR HIGH SCHOOL,WINNEBA,EFFUTU MUNICIPAL,CENTRAL
EKUMFI T. I. AHMADIIYYA SENIOR HIGH SCHOOL,ESAKYIR,EKUMFI,CENTRAL
J.E.A. MILLS SENIOR HIGH SCHOOL,OTUAM,EKUMFI,CENTRAL
AKYIN SENIOR HIGH SCHOOL,MBROBOTO,EKUMFI CENTRAL,CENTRAL
OGYEEDOM COMM SENIOR HIGH/TECH SCHOOL,GOMOA AFRANSI,GOMOA CENTRAL,CENTRAL
ST. GREGORY CATHOLIC SENIOR HIGH SCHOOL,BUDUBURAM,GOMOA EAST,CENTRAL
GOMOA GYAMAN SENIOR HIGH SCHOOL,GOMOA GYAMAN,GOMOA EAST,CENTRAL
POTSIN T.I. AHM. SENIOR HIGH SCHOOL,POTSIN,GOMOA EAST,CENTRAL
FETTEHMAN SENIOR HIGH SCHOOL,GOMOA FETTEH,GOMOA EAST,CENTRAL
"COLLEGE OF MUSIC SENIOR HIGH SCHOOL, MOZANO",MOZANO,GOMOA WEST,CENTRAL
MOZANO SENIOR HIGH SCHOOL,MOZANO,GOMOA WEST,CENTRAL
GOMOA SENIOR HIGH/TECH SCHOOL,DAWURAMPON,GOMOA WEST,CENTRAL
APAM SENIOR HIGH SCHOOL,APAM,GOMOA WEST,CENTRAL
EGUAFO-ABREM SENIOR HIGH SCHOOL,EGUAFO ABIREM,KOMENDA/EDINA/EGUAFO/A BIREM MUNICIPAL,CENTRAL
EDINAMAN SENIOR HIGH SCHOOL,ELMINA,KOMENDA/EDINA/EGUAFO/A BIREM MUNICIPAL,CENTRAL
KOMENDA SENIOR HIGH/TECH SCHOOL,KOMENDA,KOMENDA/EDINA/EGUAFO/A BIREM MUNICIPAL,CENTRAL
ABEADZE STATE COLLEGE,ABEADZE DOMEABRA,MFANTSIMAN MUNICIPAL,CENTRAL
MANKESSIM SENIOR HIGH/TECH SCHOOL,MANKESIM,MFANTSIMAN MUNICIPAL,CENTRAL
MFANTSIMAN GIRLS SENIOR HIGH SCHOOL,SALTPOND,MFANTSIMAN MUNICIPAL,CENTRAL
"METHODIST HIGH SCHOOL,SALTPOND",SALTPOND,MFANTSIMAN MUNICIPAL,CENTRAL
KWEGYIR AGGREY SENIOR HIGH SCHOOL,ANOMABO,MFANTSIMAN MUNICIPAL,CENTRAL
TWIFO PRASO SENIOR HIGH SCHOOL,TWIFO PRASO,TWIFO ATI-MORKWA,CENTRAL
TWIFO HEMANG SENIOR HIGH/TECH SCHOOL,HEMAN,TWIFO HEMANG LOWER DENKYIRA,CENTRAL
JUKWA SENIOR HIGH SCHOOL,JUKWA,TWIFO HEMANG LOWER DENKYIRA,CENTRAL
MOKWAA SENIOR HIGH SCHOOL,NAMOO,TWIFU ATTI-MOKWAA,CENTRAL
DUNKWA SENIOR HIGH/TECH SCHOOL,DUNKWA-ON-OFFIN,UPPER DENKYIRA EAST MUNICIPAL,CENTRAL
BOA-AMPONSEM SENIOR HIGH SCHOOL,DUNKWA-ON-OFFIN,UPPER DENKYIRA EAST MUNICIPAL,CENTRAL
DIASO SENIOR HIGH SCHOOL,DIASO,UPPER DENKYIRA WEST,CENTRAL
AYANFURI SENIOR HIGH SCHOOL,AYANFURI,UPPER DENKYIRA WEST,CENTRAL
DONKORKROM AGRIC SENIOR HIGH SCHOOL,DONKORKROM,AFRAM PLAINS (KWAHU NORTH),EASTERN
MEM-CHEMFRE COMM. SENIOR HIGH SCHOOL,MEM-CHEMFRE,AFRAM PLAINS (KWAHU NORTH),EASTERN
MAAME KROBO COMM. SENIOR HIGH SCHOOL,MAAME KROBO,AFRAM PLAINS (KWAHU SOUTH),EASTERN
ST. FIDELIS SENIOR HIGH/TECH SCHOOL,TEASE,AFRAM PLAINS (KWAHU SOUTH),EASTERN
J.G. KNOL VOC. TECH. INST.,ADUKROM AKW.,AKUAPEM NORTH,EASTERN
NIFA SENIOR HIGH SCHOOL,ADUKROM,AKWAPIM NORTH,EASTERN
"PRESBY SENIOR HIGH/TECH SCHOOL, ADUKROM",ADUKROM,AKWAPIM NORTH,EASTERN
H'MOUNT SINAI SENIOR HIGH SCHOOL,AKROPONG,AKWAPIM NORTH,EASTERN
OKUAPEMAN SENIOR HIGH SCHOOL,AKROPONG,AKWAPIM NORTH,EASTERN
MANGOASE SENIOR HIGH SCHOOL,MANGOASE,AKWAPIM NORTH,EASTERN
BENKUM SENIOR HIGH SCHOOL,LARTEH-AKWAPIM,AKWAPIM NORTH,EASTERN
"METHODIST GIRLS SENIOR HIGH SCHOOL, MAMFE",MAMFE,AKWAPIM NORTH,EASTERN
"PRESBY  SENIOR HIGH/TECH SCHOOL, LARTEH",LARTEH-KUBEASE,AKWAPIM NORTH,EASTERN
MAMPONG/AKW SENIOR HIGH/TECH SCHOOL FOR THE DEAF,MAMPONG,AKWAPIM NORTH,EASTERN
"PRESBY SENIOR HIGH SCHOOL, MAMPONG AKWAPIM",MAMPONG-AKWAPIM,AKWAPIM NORTH,EASTERN
"PRESBY SENIOR HIGH/TECH SCHOOL, ABURI",ABURI,AKWAPIM SOUTH,EASTERN
ADONTEN SENIOR HIGH SCHOOL,ABURI,AKWAPIM SOUTH,EASTERN
ABURI GIRLS SENIOR HIGH SCHOOL,ABURI,AKWAPIM SOUTH,EASTERN
DIASPORA GIRLS' SENIOR HIGH SCHOOL,OBODAN-NSAWAM,AKWAPIM SOUTH,EASTERN
AKOKOASO SENIOR HIGH/TECH SCHOOL,AKIM AKOKOASO,AKYEMANSA,EASTERN
AYIREBI SENIOR HIGH SCHOOL,AYIREBI,AKYEMANSA,EASTERN
BOSO SENIOR HIGH TECHNICAL SCHOOL,BOSO,ASUOGYAMAN,EASTERN
ANUM PRESBY SENIOR HIGH SCHOOL,ANUM,ASUOGYAMAN,EASTERN
ADJENA SENIOR HIGH/TECH SCHOOL,ADJENA,ASUOGYAMAN,EASTERN
APEGUSO SENIOR HIGH SCHOOL,APEGUSO,ASUOGYAMAN,EASTERN
AKWAMUMAN SENIOR HIGH SCHOOL,ATIMPOKUAKOSOMBO,ASUOGYAMAN,EASTERN
"S.D.A. SENIOR HIGHSCHOOL, AKIM SEKYERE",AKIM SEKYERE,ATIWA,EASTERN
KWABENG ANGLICAN SENIOR HIGH/TECH SCHOOL,KWABENG,ATIWA,EASTERN
ANUM APAPAM COMM. DAY SENIOR HIGH SCHOOL,ANUM APAPAM,AYENSUANO,EASTERN
KRABOA-COALTAR PRESBY SENIOR HIGH SCHOOL HIGH/TECH.,KRABOA-COALTAR,AYENSUANO ,EASTERN
ODA SENIOR HIGH SCHOOL,AKIM ODA,BIRIM CENTRAL MUNICIPAL,EASTERN
"ST. FRANCIS SENIOR HIGH/TECH SCHOOL, AKIM ODA",AKIM ODA,BIRIM CENTRAL MUNICIPAL,EASTERN
ATTAFUAH SENIOR HIGH/TECH SCHOOL,AKIM ODA,BIRIM CENTRAL MUNICIPAL,EASTERN
ATWEAMAN SENIOR HIGH SCHOOL,AKIM MANSO,BIRIM CENTRAL MUNICIPAL,EASTERN
AKROSO SENIOR HIGH/TECH SCHOOL,AKROSO,BIRIM CENTRAL MUNICIPAL,EASTERN
AMOANA PRASO SENIOR HIGH SCHOOL,AMOANA PRASO,BIRIM NORTH,EASTERN
"ST. MICHAEL'S SENIOR HIGH SCHOOL, AKOASE (NKAWKAW)","AKOASE, NKAWKAW",BIRIM NORTH,EASTERN
NEW ABIREM/AFOSU SENIOR HIGH SCHOOL,NEW ABIREM,BIRIM NORTH,EASTERN
AKIM SWEDRU SENIOR HIGH SCHOOL,AKIM SWEDRU,BIRIM SOUTH,EASTERN
ACHIASE SENIOR HIGH SCHOOL,ACHIASE,BIRIM SOUTH,EASTERN
APERADE SENIOR  HIGH/TECH SCHOOL,AKIM APERADE,BIRIM SOUTH,EASTERN
AKWATIA TECH. INST.,AKWATIA,DENKYEMBOUR,EASTERN
"ST. ROSE'S SENIOR HIGH SCHOOL, AKWATIA",AKWATIA,DENKYEMBOUR ,EASTERN
TARKROSI COMM. SENIOR HIGH SCHOOL,TARKROSI,DENKYEMBOUR ,EASTERN
"SALVATION ARMY SENIOR HIGH SCHOOL, AKIM WENCHI",AKIM WENCHI,DENKYEMBOUR ,EASTERN
ST. PAUL'S TECH. SCHOOL,KUKURANTUMI,EAST AKIM,EASTERN
"W.B.M. ZION SENIOR HIGH SCHOOL, OLD TAFO",OLD TAFO,EAST AKIM MUNICIPAL,EASTERN
"ST. STEPHEN'S PRESBY SENIOR HIGH/TECH SCHOOL, ASIAKWA",ASIAKWA,EAST AKIM MUNICIPAL,EASTERN
"SAVIOUR SENIOR HIGH SCHOOL, OSIEM",OSIEM,EAST AKIM MUNICIPAL,EASTERN
OFORI PANIN SENIOR HIGH SCHOOL,KUKURANTUMI,EAST AKIM MUNICIPAL,EASTERN
AKIM ASAFO SENIOR HIGH SCHOOL,AKIM ASAFO,EAST AKIM MUNICIPAL,EASTERN
ABUAKWA STATE COLLEGE,KIBI,EAST AKIM MUNICIPAL,EASTERN
KIBI SENIOR HIGH/TECH SCHOOL,KIBI,EAST AKIM MUNICIPAL,EASTERN
APEDWA PRESBY SENIOR HIGH SCHOOL,APEDWA,EAST AKIM MUNICIPAL,EASTERN
"PRESBY SENIOR HIGH SCHOOL, BEGORO",BEGORO,FANTEAKWA,EASTERN
OSINO PRESBY SENIOR HIGH/TECH SCHOOL,OSINO,FANTEAKWA,EASTERN
NEW NSUTAM SENIOR HIGH/TECH SCHOOL,NEW NSUTAM,FANTEAKWA,EASTERN
ASUOM SENIOR HIGH SCHOOL,ASUOM,KWAEBIBIREM,EASTERN
KADE SENIOR HIGH/TECH SCHOOL,KADE,KWAEBIBIREM,EASTERN
AMANKWAKROM FISHERIES AGRIC. TECH. INST.,AMANKWAKROM,KWAHU AFRAM PLAINS NORTH,EASTERN
ST. MARY'S VOC./TECH. INST.,ADIEMBRA,KWAHU AFRAM PLAINS NORTH,EASTERN
"ST. DOMINIC'S SENIOR HIGH/TECH SCHOOL, PEPEASE",PEPEASE,KWAHU EAST,EASTERN
ABETIFI TECH. INST.,ABETIFI,KWAHU EAST,EASTERN
ABETIFI PRESBY SENIOR HIGH SCHOOL,ABETIFI,KWAHU EAST,EASTERN
KWAHU TAFO SENIOR HIGH SCHOOL,KWAHU TAFO,KWAHU EAST,EASTERN
NKWATIA PRESBY SENIOR HIGH/COMM SCHOOL,NKWATIA,KWAHU EAST,EASTERN
"ST. PETER'S SENIOR HIGH SCHOOL, NKWATIA",NKWATIA,KWAHU EAST ,EASTERN
"ST. PAUL'S SENIOR HIGH SCHOOL, ASAKRAKA KWAHU",ASAKRAKA-,KWAHU SOUTH,EASTERN
BEPONG SENIOR HIGH SCHOOL,BEPONG,KWAHU SOUTH,EASTERN
MPRAESO SENIOR HIGH SCHOOL,MPRAESO,KWAHU SOUTH,EASTERN
KWAHU RIDGE SENIOR HIGH SCHOOL,OBO-KWAHU,KWAHU SOUTH,EASTERN
ST. JOSEPH'S TECH. INST.,KWAHU-TAFO,KWAHU SOUTH,EASTERN
FODOA COMM. SENIOR HIGH SCHOOL,FODOA NKAWKAW,KWAHU WEST MUNICIPAL,EASTERN
NKAWKAW SENIOR HIGH SCHOOL,NKAWKAW,KWAHU WEST MUNICIPAL,EASTERN
MANYA KROBO SENIOR HIGH SCHOOL,NEW NUASO,LOWER MANYA KROBO,EASTERN
AKRO SENIOR HIGH/TECH SCHOOL,ODUMASE,LOWER MANYA KROBO,EASTERN
KROBO GIRLS SENIOR HIGH SCHOOL,ODUMASE,LOWER MANYA KROBO,EASTERN
AKUSE METHODIST SENIOR HIGH/TECH SCHOOL,AKUSE,LOWER MANYA KROBO,EASTERN
KOFORIDUA TECH. INST.,KOFORIDUA,NEW JUABEN,EASTERN
"PENTECOST SENIOR HIGH SCHOOL,KOFORIDUA",KOFORIDUA,NEW JUABEN,EASTERN
OYOKO METHODIST  SENIOR HIGH SCHOOL,OYOKO,NEW JUABEN MUNICIPAL,EASTERN
"S.D.A SENIOR HIGH SCHOOL, KOFORIDUA",ASOKORE-KOFORIDUA,NEW JUABEN MUNICIPAL,EASTERN
"GHANA SENIOR HIGH SCHOOL, KOFORIDUA",KOFORIDUA,NEW JUABEN MUNICIPAL,EASTERN
OTI BOATENG SENIOR HIGH SCHOOL,ADA/KOFORIDUA,NEW JUABEN MUNICIPAL,EASTERN
"POPE JOHN SENIOR HIGH & MIN. SEM. SCHOOL, KOFORIDUA",KOFORIDUA,NEW JUABEN MUNICIPAL,EASTERN
KOFORIDUA SENIOR HIGH/TECH SCHOOL,KOFORIDUA,NEW JUABEN MUNICIPAL,EASTERN
NEW JUABEN SENIOR HIGH/COMM SCHOOL,KOFORIDUA,NEW JUABEN MUNICIPAL,EASTERN
"ST. MARTIN'S SENIOR HIGH SCHOOL, NSAWAM",NSAWAM,NSAWAM ADOAGYIRI,EASTERN
NSAWAM SENIOR HIGH SCHOOL,NSAWAM,NSAWAM ADOAGYIRI,EASTERN
"PRESBY SENIOR HIGH SCHOOL, SUHUM",SUHUM,SUHUM MUNICIPAL,EASTERN
SUHUM SENIOR HIGH/TECH SCHOOL,SUHUM,SUHUM MUNICIPAL,EASTERN
"ISLAMIC GIRLS SENIOR HIGH SCHOOL,SUHUM",KORASE-SUHUM,SUHUM MUNICIPAL,EASTERN
ASESEWA SENIOR HIGH SCHOOL,ASESEWA,UPPER MANYA KROBO,EASTERN
ADEISO PRESBY SENIOR HIGH SCHOOL,ADEISO,UPPER WEST AKIM,EASTERN
KWAOBAAH NYANOA COMM. SENIOR HIGH SCHOOL,NYANOA,UPPER WEST AKIM,EASTERN
ASAMANKESE SENIOR HIGH SCHOOL,ASAMANKESE,WEST AKIM MUNICIPAL,EASTERN
ST. THOMAS SENIOR HIGH/TECH SCHOOL,ASAMANKESE,WEST AKIM MUNICIPAL,EASTERN
KLO-AGOGO SENIOR HIGH SCHOOL,KLO-AGOGO,YILO KROBO,EASTERN
YILO KROBO SENIOR HIGH/COMM SCHOOL,SOMANYA,YILO KROBO,EASTERN
KANESHIE SENIOR HIGH/TECH SCHOOL,KANESHIE,ABLEKUMA CENTRAL MUNICIPAL,GREATER ACCRA
WESLEY GRAMMAR SENIOR HIGH SCHOOL,DANSOMAN,ABLEKUMA NORTH MUNICPAL,GREATER ACCRA
ST. MARGARET MARY SENIOR HIGH/TECH SCHOOL,DANSOMAN,ABLEKUMA WEST MUNICPAL,GREATER ACCRA
EBENEZER SENIOR HIGH SCHOOL,DANSOMAN,ABLEKUMA WEST MUNICPAL,GREATER ACCRA
ACCRA ACADEMY,KANESHIE,ACCRA METRO,GREATER ACCRA
ACCRA WESLEY GIRLS SENIOR HIGH SCHOOL,KANESHIE,ACCRA METRO,GREATER ACCRA
HOLY TRINITY SENIOR HIGH SCHOOL,HIGH STREET-ACCRA,ACCRA METRO,GREATER ACCRA
"ST. MARY'S SENIOR HIGH SCHOOL, KORLE GONNO",KORLE GONNO,ACCRA METRO,GREATER ACCRA
SACRED HEART TECH. INST.,JAMES TOWN,ACCRA METRO ,GREATER ACCRA
ADA TECH. INST.,ADA,ADA EAST DISTRICT,GREATER ACCRA
ADA SENIOR HIGH SCHOOL,ADA-FOAH,ADA EAST DISTRICT,GREATER ACCRA
ADA SENIOR HIGH/TECH SCHOOL,SEGE,ADA WEST DISTRICT,GREATER ACCRA
FRAFRAHA COMM. SENIOR HIGH SCHOOL,FRAFRAHA,ADENTAN MUNICIPAL,GREATER ACCRA
ASHIAMAN SENIOR HIGH SCHOOL,ASHIAMAN,ASHIAMAN MUNICIPAL,GREATER ACCRA
ASHIAMAN TECH/VOC. INST.,ASHIAMAN,ASHIAMAN MUNICIPAL,GREATER ACCRA
ACCRA TECH. TRG. CENTRE,KOKOMLEMLE,AYAWASO CENTRAL MUNICIPAL,GREATER ACCRA
ACCRA GIRLS SENIOR HIGH SCHOOL,MAMOBI,AYAWASO NORTH MUNICIPAL,GREATER ACCRA
ODORGONNO SENIOR HIGH SCHOOL,AWOSHIE,GA CENTRAL MUNICIPAL,GREATER ACCRA
KWABENYA COMM. SENIOR HIGH SCHOOL,KWABENYA,GA EAST MUNICIPAL,GREATER ACCRA
ST. JOHN'S GRAMMAR SENIOR HIGH SCHOOL,ACHIMOTA,GA NORTH MUNICIPAL ,GREATER ACCRA
CHRISTIAN METHODIST SENIOR HIGH SCHOOL,APLAKU (WEIJA),GA SOUTH MUNICIPAL,GREATER ACCRA
NGLESHIE AMANFRO SENIOR HIGH SCHOOL,NGLESHIE ,GA SOUTH MUNICIPAL,GREATER ACCRA
ADJEN KOTOKU SENIOR HIGH SCHOOL,ADJEN KOTOKU,GA WEST MUNICIPAL,GREATER ACCRA
AMASAMAN SENIOR HIGH/TECH SCHOOL,AMASAMAN,GA WEST MUNICIPAL,GREATER ACCRA
ACCRA SENIOR HIGH SCHOOL,ASYLUM DOWN,KORLEY KLOTTEY MUNICIPAL,GREATER ACCRA
"PRESBY SENIOR HIGH SCHOOL, OSU",OSU,KORLEY KLOTTEY MUNICIPAL,GREATER ACCRA
KINBU SENIOR HIGH/TECH SCHOOL,TUDU - ACCRA,KORLEY KLOTTEY MUNICIPAL,GREATER ACCRA
KPONE COMM. SENIOR HIGH SCHOOL,KATAMANSO,KPONE KATAMANSO MUNICIPAL,GREATER ACCRA
O'REILLY SENIOR HIGH SCHOOL,OKPOI GOMME,KROWOR MUNICIPAL,GREATER ACCRA
NUNGUA SENIOR HIGH SCHOOL,NUNGUA,KROWOR MUNICIPAL,GREATER ACCRA
"FORCES SENIOR HIGH/TECH SCHOOL, BURMA CAMP",BURMA CAMP,LA DADE-KOTOPON MUNICIPAL,GREATER ACCRA
"ST. THOMAS AQUINAS SENIOR HIGH SCHOOL, CANTOMENTS",CANTONMENTS,LA DADE-KOTOPON MUNICIPAL,GREATER ACCRA
LABONE SENIOR HIGH SCHOOL,LABONE,LA DADE-KOTOPON MUNICIPAL,GREATER ACCRA
LA PRESBY SENIOR HIGH SCHOOL,LA EMMAUS,LA DADE-KOTOPON MUNICIPAL,GREATER ACCRA
WEST AFRICA SENIOR HIGH SCHOOL,ADENTA,LA NKWANTANANG MADINA MUNICIPAL,GREATER ACCRA
"PRESBY BOYS SENIOR HIGH SCHOOL, LEGON",LEGON,LA NKWANTANANG MADINA MUNICIPAL,GREATER ACCRA
"PRESBY SENIOR HIGH SCHOOL, TESHIE",TESHIE,LEDZOKUKU MUNICIPAL,GREATER ACCRA
TESHIE TECH. INSTITTUTE,TESHIE,LEDZOKUKU MUNICIPAL,GREATER ACCRA
PRAMPRAM SENIOR HIGH SCHOOL,PRAMPRAM,NINGO PRAMPRAM DISTRICT,GREATER ACCRA
NINGO SENIOR HIGH SCHOOL,OLD NINGO,NINGO PRAMPRAM DISTRICT,GREATER ACCRA
ACHIMOTA SENIOR HIGH SCHOOL,ACHIMOTA,OKAIKOI NORTH MUNICIPAL,GREATER ACCRA
OSUDOKU SENIOR HIGH/TECH SCHOOL,ASUTSUARE,SHAI-OSUDOKU DISTRICT,GREATER ACCRA
GHANATA SENIOR HIGH SCHOOL,DODOWA,SHAI-OSUDOKU DISTRICT ,GREATER ACCRA
TEMA METH. DAY SENIOR HIGH SCHOOL,TEMA COMM II,TEMA METRO,GREATER ACCRA
TEMA TECH. INST.,TEMA,TEMA METRO,GREATER ACCRA
"PRESBY SENIOR HIGH SCHOOL, TEMA",TEMA,TEMA METRO,GREATER ACCRA
TEMA MANHEAN SENIOR HIGH/TECH SCHOOL,TEMA NEW TOWN,TEMA METRO,GREATER ACCRA
CHEMU SENIOR HIGH/TECH SCHOOL,TEMA COMM 4,TEMA METRO,GREATER ACCRA
OUR LADY OF MERCY SENIOR HIGH SCHOOL,TEMA COMM 4,TEMA METRO,GREATER ACCRA
TEMA SENIOR HIGH SCHOOL,TEMA COMM 5,TEMA WEST MUNICIPAL,GREATER ACCRA
LASHIBI COMMUNITY SENIOR HIGH SCHOOL,LASHIBI- SAKUMONO,TEMA WEST MUNICIPAL ,GREATER ACCRA
NAKPANDURI SENIOR HIGH SCHOOL,NAKPANDURI,BUNKRUPGU-YUNGUO,NORTH EAST
BUNKPURUGU SENIOR HIGH/TECH SCHOOL,BUNKUPURUGU,BUNKRUPGU-YUNGUO,NORTH EAST
CHEREPONI SENIOR HIGH/TECH SCHOOL,CHEREPONI,CHEREPONI ,NORTH EAST
GAMBAGA GIRLS SENIOR HIGH SCHOOL,GAMBAGA,EAST MAMPRUSI,NORTH EAST
NALERIGU SENIOR HIGH SCHOOL,NALERIGU,EAST MAMPRUSI,NORTH EAST
SAKOGU SENIOR HIGH/TECH SCHOOL,SAKOGU,EAST MAMPRUSI,NORTH EAST
YAGABA SENIOR HIGH SCHOOL,YAGABA,MAMPRUGU MOADURI ,NORTH EAST
WULUGU SENIOR HIGH SCHOOL,WULUGU,WEST MAMPRUSI,NORTH EAST
WALEWALE SENIOR HIGH SCHOOL,WALEWELE,WEST MAMPRUSI,NORTH EAST
JANGA SENIOR HIGH/TECH SCHOOL,MUNICIPAL ASSEMBLY,WEST MAMPRUSI MUNICIPAL,NORTH EAST
WALEWALETECH/ VOC INST.,WALEWALE,WEST MAMPUSI,NORTH EAST
LANGBINSI SENIOR HIGH TECHNICAL SCHOOL,LANGBINSI,EAST MAMPRUSI MUNICIPAL,NORTH EAST 
GUSHEGU SENIOR HIGH SCHOOL,GUSHEGU,GUSHEGU ,NORTHERN
KARAGA SENIOR HIGH SCHOOL,KARAGA,KARAGA,NORTHERN
KPANDAI SENIOR HIGH SCHOOL,KPANDAI,KPANDI,NORTHERN
KUMBUNGU SENIOR HIGH SCHOOL,KUMBUNGU,KUMBUNGU,NORTHERN
SANG COMM. DAY SCHOOL,SANG,MION,NORTHERN
BIMBILLA SENIOR HIGH SCHOOL,BIMBILLA,NANUMBA NORTH,NORTHERN
WULENSI SENIOR HIGH SCHOOL,WULENSI,NANUMBA SOUTH ,NORTHERN
WAPULI COMM. SENIOR HIGH SCHOOL,WAPULI,SABOBA,NORTHERN
SABOBA E.P. SENIOR HIGH SCHOOL,SABOBA,SABOBA,NORTHERN
ST. JOSEPH'S TECH. INST.,SABOBA,SABOBA,NORTHERN
"ISLAMIC SCIENCE SENIOR HIGH SCHOOL, TAMALE",TAMALE,SAGNERIGU,NORTHERN
NORTHERN SCHOOL OF BUSINESS,TAMALE,SAGNERIGU,NORTHERN
TAMALE TECHNICAL INSTITUTE,TAMALE,SAGNERIGU,NORTHERN
TAMALE SENIOR HIGH SCHOOL,TAMALE,SAGNERIGU,NORTHERN
KALPOHIN SENIOR HIGH SCHOOL,TAMALE,SAGNERIGU ,NORTHERN
PONG-TAMALE SENIOR HIGH SCHOOL,PONG-TAMALE,SAVELUGU-NANTON,NORTHERN
SAVELUGU SENIOR HIGH SCHOOL,SAVELUGU,SAVELUGU-NANTON,NORTHERN
"BUSINESS SENIOR HIGH SCHOOL, TAMALE",TAMALE,TAMALE METRO,NORTHERN
"GHANA SENIOR HIGH SCHOOL, TAMALE",TAMALE,TAMALE METRO,NORTHERN
DABOKPA VOC/TECH. INST.,TAMALE,TAMALE METRO,NORTHERN
VITTING SENIOR HIGH/TECH.,TAMALE,TAMALE METRO,NORTHERN
"ST. CHARLES SENIOR HIGH SCHOOL, TAMALE",TAMALE,TAMALE METRO,NORTHERN
ANBARIYA SENIOR HIGH SCHOOL,TAMALE,TAMALE METRO,NORTHERN
TAMALE GIRLS SENIOR HIGH SCHOOL,TAMALE,TAMALE METRO,NORTHERN
"PRESBY SENIOR HIGH SCHOOL, TAMALE",TAMALE,TAMALE METRO,NORTHERN
E. P. AGRIC SENIOR HIGH/TECH SCHOOL,TATALE,TATALE SANGULI ,NORTHERN
KASULIYILI SENIOR HIGH SCHOOL,KASULIYILI,TOLON ,NORTHERN
TOLON SENIOR HIGH SCHOOL,TOLON,TOLON ,NORTHERN
DAGBON STATE SENIOR HIGH/TECH SCHOOL,YENDI,YENDI MUNICIPAL,NORTHERN
YENDI SENIOR HIGH SCHOOL,YENDI,YENDI MUNICIPAL,NORTHERN
ZABZUGU SENIOR HIGH SCHOOL,ZABZUGU,ZABZUGU ,NORTHERN
WORAWORA SENIOR HIGH SCHOOL,WORAWORA,BIAKOYE,OTI
TAPAMAN SENIOR HIGH/TECH SCHOOL,TAPA-AMANFROM,BIAKOYE,OTI
BOWIRI COMM. DAY SCHOOL,BOWIRI,BIAKOYE,OTI
NKONYA SENIOR HIGH SCHOOL,NKONYA-AHENKRO,BIAKOYE,OTI
BIAKOYE COMM. DAY SCHOOL,KWAMEKROM ,BIAKOYE,OTI
BUEMAN SENIOR HIGH SCHOOL,JASIKAN,JASIKAN,OTI
OKADJAKROM SENIOR HIGH/TECH SCHOOL,OKADJAKROM,JASIKAN,OTI
BAGLO  RIDGE SENIOR HIGH/TECH SCHOOL,BAGLO,JASIKAN,OTI
FR. DOGLI MEMORIAL VOC.TECH. INST.,NEW AYOMA,JASIKAN,OTI
AHAMANSU ISLAMIC SENIOR HIGH SCHOOL,AHAMANSU,KADJEBI,OTI
DODI-PAPASE SENIOR HIGH/TECH SCHOOL,DODI PAPASE,KADJEBI,OTI
KADJEBI-ASATO SENIOR HIGH SCHOOL,KADJETO-ASATO,KADJEBI,OTI
OTI SENIOR HIGH/TECH SCHOOL,DAMBAI,KRACHI EAST,OTI
YABRAM COMM. DAY SCHOOL,DAMBAI,KRACHI EAST,OTI
ASUKAWKAW SENIOR HIGH SCHOOL,ASUKAWKAW,KRACHI EAST,OTI
NCHUMURUMAN COMM. DAY SENIOR HIGH SCHOOL,[NEAR] TEGBI,KRACHI NCHUMURU,OTI
KETE KRACHI SENIOR HIGH/TECH SCHOOL,KETE-KRACHI,KRACHI WEST,OTI
KRACHI SENIOR HIGH SCHOOL,KETE-KRACHI,KRACHI WEST,OTI
KPASSA SENIOR HIGH/TECH SCHOOL,KPASSA,NKWANTA NORTH,OTI
NKWANTA SENIOR HIGH SCHOOL,NKWANTA,NKWANTA SOUTH,OTI
NKWANTA COMM SENIOR HIGH SCHOOL,NKWANTA,NKWANTA SOUTH,OTI
KYABOBO GIRLS SENIOR HIGH SCHOOL,NKWANTA,NKWANTA SOUTH,OTI
NTRUBOMAN SENIOR HIGH SCHOOL,BREWANIASE,NKWANTA SOUTH,OTI
BAMBOI COMM. SENIOR HIGH SCHOOL,BAMBOI,BOLE,SAVANNAH
BOLE SENIOR HIGH SCHOOL,BOLE ,BOLE,SAVANNAH
ST. ANTHONY OF PADUA SENIOR HIGH/TECH SCHOOL,BAMBOI,BOLE,SAVANNAH
BUIPE SENIOR HIGH SCHOOL,BUIPE,CENTRAL GONJA,SAVANNAH
BUIPE TECH/VOC INST.,BUIPE,CENTRAL GONJA,SAVANNAH
MPAHA COMMUNITY DAY SENIOR HIGH SCHOOL,MPAHA,CENTRAL GONJA,SAVANNAH
SALAGA SENIOR HIGH SCHOOL,SALAGA,EAST GONJA,SAVANNAH
SALAGA T.I. AHMAD SENIOR HIGH SCHOOL,SALAGA,EAST GONJA,SAVANNAH
DABOYA COMM. DAY SCHOOL,DABOYA,NORTH GONJA,SAVANNAH
TUNA SENIOR HIGH/TECH SCHOOL,TUNA,SAWLA-TUNA-KALBA,SAVANNAH
SAWLA SENIOR HIGH SCHOOL,SAWLA,SAWLA-TUNA-KALBA,SAVANNAH
NDEWURA JAKPA SENIOR HIGH/TECH SCHOOL,DAMONGO,WEST GONJA,SAVANNAH
DAMONGO SENIOR HIGH SCHOOL,DAMONGO,WEST GONJA,SAVANNAH
BAWKU TECH. INST.,BAWKU KPALUGU,BAWKU EAST,UPPER EAST
BAWKU SENIOR HIGH/TECH SCHOOL,BAWKU,BAWKU MUNICIPAL,UPPER EAST
BAWKU SENIOR HIGH SCHOOL,BAWKU,BAWKU MUNICIPAL,UPPER EAST
ZEBILLA SENIOR HIGH/TECH SCHOOL,ZEBILLA,BAWKU WEST,UPPER EAST
KUSANABA SENIOR HIGH SCHOOL,KUSANABA,BAWKU WEST,UPPER EAST
BINDURI COMM. SENIOR HIGH SCHOOL,BINDURI,BINDURI,UPPER EAST
GAMBIGO COMM. DAY SENIOR HIGH SCHOOL,GAMBIGO,BOLGA EAST,UPPER EAST
BOLGA TECH. INST.,BOLGATANGA,BOLGATANGA,UPPER EAST
BOLGA GIRLS SENIOR HIGH SCHOOL,ZAARE-BOLGATANGA,BOLGATANGA MUNICIPAL,UPPER EAST
ZUARUNGU SENIOR HIGH SCHOOL,ZUARUNGU,BOLGATANGA MUNICIPAL,UPPER EAST
BOLGA SHERIGU COMM. SENIOR HIGH SCHOOL,BOLGA,BOLGATANGA MUNICIPAL,UPPER EAST
ZAMSE SENIOR HIGH/TECH SCHOOL,BOLGATANGA,BOLGATANGA MUNICIPAL,UPPER EAST
AZEEM-NAMOA SENIOR HIGH/TECH SCHOOL,SAMBOLIGO AMANGA NABIISI,BONGO,UPPER EAST
BONGO SENIOR HIGH SCHOOL,BONGO,BONGO,UPPER EAST
ZORKOR SENIOR HIGH SCHOOL,ZORKOR,BONGO,UPPER EAST
GOWRIE SENIOR HIGH/TECH SCHOOL,GOWRIE,BONGO,UPPER EAST
SANDEMA SENIOR HIGH SCHOOL,SANDEMA,BUILSA NORTH,UPPER EAST
SANDEMA SENIOR HIGH/TECH SCHOOL,DAMPONG,BUILSA NORTH,UPPER EAST
WIAGA COMM. SENIOR HIGH SCHOOL,WIAGA,BUILSA NORTH,UPPER EAST
KANJAGA COMM. SENIOR HIGH SCHOOL,KANJAGA,BUILSA NORTH,UPPER EAST
FUMBISI SENIOR HIGH SCHOOL,FUMBISI,BUILSA SOUTH,UPPER EAST
GARU COMM. DAY SENIOR HIGH SCHOOL,GARU,GARU TEMPANE,UPPER EAST
TEMPANE SENIOR HIGH SCHOOL,TEMPANE,GARU TEMPANI,UPPER EAST
O.L.L. GIRLS SENIOR HIGH SCHOOL,NAVRONGO,KASENA-NANKANI ,UPPER EAST
AWE SENIOR HIGH/TECH SCHOOL,NAVRONGO,KASENA-NANKANI MUNICIPAL,UPPER EAST
ST. JOHN'S INTEGRATED SENIOR HIGH/TECH SCHOOL,TONO,KASENA-NANKANI MUNICIPAL,UPPER EAST
NOTRE DAME SEM/ SENIOR HIGH SCHOOL NAVRONGO,NAVRONGO,KASENA-NANKANI MUNICIPAL,UPPER EAST
NAVRONGO SENIOR HIGH SCHOOL,JANANIA-NAVRONGO,KASENA-NANKANI MUNICIPAL,UPPER EAST
PAGA SENIOR HIGH SCHOOL,PAGA,KASENA-NANKANI WEST,UPPER EAST
SIRIGU INTEGRATED SENIOR HIGH SCHOOL,SIRIGU,KASENA-NANKANI WEST,UPPER EAST
NABANGO SENIOR HIGH SCHOOL,NABANGO,KASENA-NANKANI WEST,UPPER EAST
MIRIGU COMMUNITY DAY SENIOR HIGH SCHOOL,MIRIGU,KASENA-NANKANI WEST,UPPER EAST
CHIANA SENIOR HIGH SCHOOL,CHIANA,KASENA-NANKANI WEST,UPPER EAST
ST. BERNADETTES TECH/VOC. INST.,NAVRONGO,KASSENA NANAKANA EAST,UPPER EAST
KONGO SENIOR HIGH SCHOOL,KONGO,NABDAM,UPPER EAST
TONGO SENIOR HIGH/TECH SCHOOL,TONGO,TALENSI,UPPER EAST
BOLGATANGA SENIOR HIGH SCHOOL,BOLGATANGA,TALENSI ,UPPER EAST
DAFFIAMAH SENIOR HIGH SCHOOL,DAFFIAMAH,BUSSIE-ISSA,UPPER WEST
ULLO SENIOR HIGH SCHOOL,ULLO,JIRAPA,UPPER WEST
HAN SENIOR HIGH SCHOOL,JIRAPA,JIRAPA,UPPER WEST
JIRAPA SENIOR HIGH SCHOOL,JIRAPA-TOWN,JIRAPA,UPPER WEST
"ST. FRANCIS GIRLS SENIOR HIGH SCHOOL, JIRAPA",JIRAPA,JIRAPA,UPPER WEST
PIINA SENIOR HIGH SCHOOL,PIINA,LAMBUSIE-KARNI,UPPER WEST
LAMBUSSIE COMM SENIOR HIGH SCHOOL,LAMBUSSIE,LAMBUSIE-KARNI,UPPER WEST
EREMON SENIOR HIGH/TECH SCHOOL,EREMON,LAWRA,UPPER WEST
LAWRA SENIOR HIGH SCHOOL,LAWRA,LAWRA,UPPER WEST
BIRIFOH SENIOR HIGH SCHOOL,LAWRA,LAWRA,UPPER WEST
"QUEEN OF PEACE SENIOR HIGH SCHOOL, NADOWLI",NADOWLI,NADOWLI,UPPER WEST
"ST. AUGUSTINE SENIOR HIGH/TECH SCHOOL, SAAN CHARIKPONG","SAAN, CHARIKPONG",NADOWLI,UPPER WEST
TAKPO SENIOR HIGH SCHOOL,TAKPO,NADOWLI,UPPER WEST
KALEO SENIOR HIGH/TECH SCHOOL,KALEO,NADOWLI,UPPER WEST
ST. BASILIDES VOC./TECH. INST.,KALEO,NADOWLI KALEO,UPPER WEST
SOMBO SENIOR HIGH SCHOOL,SOMBO,NADOWLI/KALEO,UPPER WEST
NANDOM SENIOR HIGH SCHOOL,NANDOM,NANDOM,UPPER WEST
HOLY FAMILY SENIOR HIGH SCHOOL,HAMILE,NANDOM,UPPER WEST
ST.JOHN'S VOC. TECH. INSTITUTE,NANDOM,NANDOM,UPPER WEST
KO SENIOR HIGH SCHOOL,KO-NANDOM,NANDOM,UPPER WEST
TUMU SENIOR HIGH/TECH SCHOOL,TUMU,SISALA EAST,UPPER WEST
KANTON SENIOR HIGH SCHOOL,TUMU,SISALA EAST,UPPER WEST
DR. HILA LIMAN SENIOR  HIGH SCHOOL,GWOLLU,SISALA WEST,UPPER WEST
LOGGU COMM. DAY SCHOOL,LOGGU,WA EAST,UPPER WEST
FUNSI SENIOR HIGH SCHOOL,FUNSI,WA EAST,UPPER WEST
"T. I. AHMADIYYA SENIOR HIGH SCHOOL, WA",WA,WA MUNICIPAL,UPPER WEST
NORTHERN STAR SENIOR HIGH SCHOOL,"MANGU, WA",WA MUNICIPAL,UPPER WEST
JAMIAT AL-HIDAYA ISLAMIC GIRLS SENIOR HIGH SCHOOL,WA,WA MUNICIPAL,UPPER WEST
WA SENIOR HIGH/TECH SCHOOL,WA,WA MUNICIPAL,UPPER WEST
WA SENIOR HIGH SCHOOL,WA,WA MUNICIPAL,UPPER WEST
WA TECH. INST.,WA,WA MUNICIPAL,UPPER WEST
"ISLAMIC SENIOR HIGH SCHOOL, WA",WA,WA MUNICIPAL,UPPER WEST
LASSIE-TUOLU SENIOR HIGH SCHOOL,LASSIE,WA WEST,UPPER WEST
ABUADI/TSREFE SENIOR HIGH SCHOOL ,ADAKLU - ABUADI,ADAKLU,VOLTA
ADAKLU SENIOR HIGH SCHOOL,ADAKLU,ADAKLU-ANYIGBE,VOLTA
VE COMM. SENIOR HIGH SCHOOL,VE-KOLOENU,AFADZATO SOUTH,VOLTA
LEKLEBI SENIOR HIGH SCHOOL ,LEKLEBI,AFADZATO SOUTH,VOLTA
JIM BOURTON MEM AGRIC. SENIOR HIGH SCHOOL,LOGBA ADZOKOE,AFADZATO SOUTH,VOLTA
AGATE COMM. SENIOR HIGH SCHOOL,AGATE,AFADZATO SOUTH,VOLTA
ST. DANIEL COMBONI TECH/VOC INST.,LIATI,AFADZTO SOUTH,VOLTA
HAVE TECH. INST.,HAVE,AFADZTO SOUTH,VOLTA
AGOTIME SENIOR HIGH SCHOOL,KPETOE,AGORTIME ZIOPE,VOLTA
ZIOPE SENIOR HIGH SCHOOL,ZIOPE,AGORTIME ZIOPE,VOLTA
AKATSI SENIOR HIGH/TECH SCHOOL,AKATSI,AKATSI,VOLTA
AVE SENIOR HIGH SCHOOL,AVE-DAKPA,AKATSI NORTH,VOLTA
AVENOR SENIOR HIGH SCHOOL,AVENORKPEME,AKATSI SOUTH,VOLTA
ABOR SENIOR HIGH SCHOOL,ABOR,ANLO KETA MUNICIPAL,VOLTA
ANLO AFIADENYIGBA SENIOR HIGH SCHOOL,ANLO AFIADENYIGBA,ANLO KETA MUNICIPAL,VOLTA
TSIAME SENIOR HIGH SCHOOL,TSIAME,ANLO KETA MUNICIPAL,VOLTA
ANLO AWOMEFIA SENIOR HIGH SCHOOL ,ANYAKO,ANLO KETA MUNICIPAL,VOLTA
ATIAVI SENIOR HIGH/TECH SCHOOL,ATIAVI,ANLO KETA MUNICIPAL,VOLTA
KETA BUSINESS SENIOR HIGH SCHOOL,KETA,ANLO KETA MUNICIPAL,VOLTA
ANLO SENIOR HIGH SCHOOL,ANLOGA,ANLO KETA MUNICIPAL,VOLTA
ZION SENIOR HIGH SCHOOL,ANLOGA,ANLO KETA MUNICIPAL,VOLTA
VOLTA SENIOR HIGH SCHOOL,DZITA-AGBLEDOMI,ANLO KETA MUNICIPAL,VOLTA
MAFI-KUMASI SENIOR HIGH/TECH SCHOOL,MAFI-KUMASI,CENTRAL TONGU,VOLTA
ADIDOME SENIOR HIGH SCHOOL,ADIDOME,CENTRAL TONGU,VOLTA
VOLTA TECH INST,MATSE,HO ,VOLTA
SHIA SENIOR HIGHTECHNICAL SCHOOL,SHIA,HO MUNICIPAL,VOLTA
TANYIGBE SENIOR HIGH SCHOOL,TANYIGBE,HO MUNICIPAL,VOLTA
"OLA GIRLS SENIOR HIGH SCHOOL, HO",HO,HO MUNICIPAL,VOLTA
TAVIEFE COMM. SENIOR HIGH SCHOOL,TAVIEFE,HO MUNICIPAL,VOLTA
E.P.C. MAWUKO GIRLS SENIOR HIGH SCHOOL,HO,HO MUNICIPAL,VOLTA
"MAWULI SCHOOL, HO",HO,HO MUNICIPAL,VOLTA
SOKODE SENIOR HIGH/TECH SCHOOL,SOKODE,HO MUNICIPAL,VOLTA
AWUDOME SENIOR HIGH SCHOOL,TSITO,HO MUNICIPAL,VOLTA
AMEDZOFE TECHNICAL INSTITUTE,AMEDZOFE,HO WEST,VOLTA
KPEDZE SENIOR HIGH SCHOOL,KPEDZE,HO WEST,VOLTA
AVATIME SENIOR HIGH SCHOOL,VANE,HO WEST,VOLTA
AKOME SENIOR HIGH/TECH SCHOOL,AKOME,HO WEST,VOLTA
DZOLO SENIOR HIGH SCHOOL,DZOLO,HO WEST,VOLTA
TSITO SENIOR HIGH/TECH SCHOOL,TSITO,HO WEST,VOLTA
ABUTIA SENIOR HIGH/TCHNICAL SCHOOL,ABUTIA,HO WEST,VOLTA
E. P. TECHNICAL VOCATIONAL INSTITUTE ALAVANYO,FORSON DOTSE,HOHOE,VOLTA
AKPAFU SENIOR HIGH/TECH SCHOOL,AKPAFU,HOHOE MUNICIPAL,VOLTA
LIKPE SENIOR HIGH SCHOOL,LIKPE-MATE,HOHOE MUNICIPAL,VOLTA
E. P. SENIOR HIGH SCHOOL,HOHOE,HOHOE MUNICIPAL,VOLTA
"ST. MARY'S SEM.& SENIOR HIGH SCHOOL, LOLOBI",LOLOBI,HOHOE MUNICIPAL,VOLTA
ALAVANYO SENIOR HIGH/TECH SCHOOL,ALAVANYO-KPEME,HOHOE MUNICIPAL,VOLTA
AFADJATO SENIOR HIGH/TECH SCHOOL,GBLEDI-GBOGAME,HOHOE MUNICIPAL,VOLTA
KETA SENIOR HIGH/TECH SCHOOL,KETA,KETA,VOLTA
ANLO TECH. INST.,ANLOGA,KETA,VOLTA
DZODZE PENYI SENIOR HIGH SCHOOL,DZODZE,KETU NORTH,VOLTA
WOVENU SENIOR HIGH TECHNICAL SCHOOL,TADZEWU,KETU NORTH,VOLTA
WETA SENIOR HIGH/TECH SCHOOL,WETA,KETU NORTH,VOLTA
AFIFE SENIOR HIGH TECH SCHOOL,AFIFE,KETU NORTH,VOLTA
"ST. PAUL'S SENIOR HIGH SCHOOL, DENU",HATSUKOPE/ DENU,KETU SOUTH,VOLTA
THREE TOWN SENIOR HIGH SCHOOL,DENU,KETU SOUTH,VOLTA
SOME SENIOR HIGH SCHOOL,AGBOZUME,KETU SOUTH,VOLTA
KLIKOR SENIOR HIGH/TECH SCHOOL,KLIKOR,KETU SOUTH,VOLTA
BISHOP HERMAN COLLEGE,KPANDO,KPANDO,VOLTA
KPANDO SENIOR HIGH SCHOOL,KPANDO,KPANDO,VOLTA
KPANDO TECH. INST.,KPANDO,KPANDO,VOLTA
C.Y.O.VOC. TECH. INST.,SOVIE,KPANDO,VOLTA
ANFOEGA SENIOR HIGH SCHOOL,ANFOEGA,NORTH DAYI,VOLTA
VAKPO SENIOR HIGH/TECH SCHOOL,VAKPO,NORTH DAYI,VOLTA
VAKPO SENIOR HIGH SCHOOL,VAKPO,NORTH DAYI,VOLTA
DOFOR SENIOR HIGH SCHOOL,JUAPONG ,NORTH TONGU,VOLTA
MEPE ST. KIZITO SENIOR HIGH/TECH SCHOOL,MEPE,NORTH TONGU,VOLTA
BATTOR SENIOR HIGH SCHOOL,BATTOR,NORTH TONGU,VOLTA
VOLO COMM. SENIOR HIGH SCHOOL,VOLO,NORTH TONGU,VOLTA
AVEYIME BATTOR SENIOR HIGH/TECH SCHOOL,AVEYIME-BATTOR,NORTH TONGU,VOLTA
KPEVE SENIOR HIGH SCHOOL,KPEVE,SOUTH DAYI,VOLTA
TONGOR SENIOR HIGH TECH SCHOOL,KPEVE,SOUTH DAYI,VOLTA
PEKI SENIOR HIGH SCHOOL,PEKI,SOUTH DAYI,VOLTA
PEKI SENIOR HIGH/TECHNICAL SCHOOL,PEKI,SOUTH DAYI,VOLTA
ST. CATHERINE GIRLS SENIOR HIGH SCHOOL,AGBAKOPE,SOUTH TONGU,VOLTA
COMBONI TECH/VOC INST.,SOGAKOPE,SOUTH TONGU,VOLTA
SOGAKOPE SENIOR HIGH SCHOOL,SOGAKOPE,SOUTH TONGU,VOLTA
DABALA SENIOR HIGH/TECH.,DABALA ,SOUTH TONGU,VOLTA
ASANKRANGWA SENIOR HIGH/TECH SCHOOL,ASANKRAGWA, WASSA AMENFI WEST,WESTERN
"ST. MARY'S BOYS' SENIOR HIGH SCHOOL, APOWA",APOWA,AHANTA WEST,WESTERN
BAIDOO BONSOE SENIOR HIGH/TECH SCHOOL,AGONA NKWANTA,AHANTA WEST,WESTERN
SANKOR COMM. DAY SENIOR HIGH SCHOOL,SANKOR,AHANTA WEST,WESTERN
BONZO-KAKU SENIOR HIGH SCHOOL,AWIEBO,ELLEMBELE,WESTERN
UTHMAN BIN AFAM SENIOR HIGH SCHOOL,KAMGBUNLI,ELLEMBELE,WESTERN
NKROFUL AGRIC. SENIOR HIGH SCHOOL,NKROFUL,ELLEMBELE,WESTERN
ESIAMA SENIOR HIGH/TECH SCHOOL,ESIAMA,ELLEMBELE,WESTERN
KIKAM TECH. INST.,KIKAM,ELLEMBELLE,WESTERN
HALF ASSINI SENIOR HIGH SCHOOL,HALF ASSINI,JOMORO,WESTERN
ANNOR ADJAYE SENIOR HIGH SCHOOL,EZILIBO,JOMORO,WESTERN
MPOHOR SENIOR HIGH SCHOOL,MPOHOR,MPOHOR ,WESTERN
DABOASE SENIOR HIGH/TECH SCHOOL,DABOASE,MPOHOR WASSA EAST,WESTERN
GWIRAMAN COMM.SENIOR HIGH SCHOOL,BAMIANKO,NZEMA EAST MUNICIPAL,WESTERN
NSEIN SENIOR HIGH SCHOOL,NSEIN,NZEMA EAST MUNICIPAL,WESTERN
AXIM GIRLS SENIOR HIGH SCHOOL,AXIM,NZEMA EAST MUNICIPAL,WESTERN
"ST. AUGUSTINE'S SENIOR HIGH SCHOOL, BOGOSO",BOGOSO,PRESTEA HUNI VALLEY,WESTERN
HUNI VALLEY SENIOR HIGH SCHOOL,HUNI VALLLEY,PRESTEA HUNI VALLEY,WESTERN
PRESTEA SENIOR HIGH/TECH SCHOOL,PRESTEA,PRESTEA HUNI VALLEY,WESTERN
SEKONDI COLLEGE,SEKONDI,SEKONDI TAKORADI METRO,WESTERN
DIABENE SENIOR HIGH/TECH SCHOOL,DIABENE,SEKONDI TAKORADI METRO,WESTERN
ARCHBISHOP PORTER GIRLS SENIOR HIGH SCHOOL,SEKONDI,SEKONDI TAKORADI METRO,WESTERN
ADIEMBRA SENIOR HIGH SCHOOL,DIABENE,SEKONDI TAKORADI METRO,WESTERN
"METHODIST SENIOR HIGH SCHOOL, SEKONDI",SEKONDI,SEKONDI TAKORADI METRO,WESTERN
"ST. JOHN'S SENIOR HIGH SCHOOL, SEKONDI",SEKONDI,SEKONDI TAKORADI METRO,WESTERN
FIJAI SENIOR HIGH SCHOOL,SEKONDI,SEKONDI TAKORADI METRO,WESTERN
TAKORADI SENIOR HIGH SCHOOL,TANOKROM,SEKONDI TAKORADI METRO,WESTERN
GHANA SENIOR HIGH/TECH SCHOOL,TAKORADI,SEKONDI TAKORADI METRO,WESTERN
BOMPEH SENIOR HIGH./TECH SCHOOL,TAKORADI,SEKONDI TAKORADI METRO,WESTERN
TAKORADI TECH. INST.,TAKORADI,SEKONDI-TAKORADI,WESTERN
SHAMA SENIOR HIGH SCHOOL,SHAMA,SHAMA ,WESTERN
AHANTAMAN GIRLS' SENIOR HIGH SCHOOL,SEKONDI-KETAN,SHAMA AHANTA EAST,WESTERN
TARKWA SENIOR HIGH SCHOOL,TARKWA,TARKWA-NSUAEM MUNICIPAL,WESTERN
FIASEMAN SENIOR HIGH SCHOOL,BANKYIM TARKWA,TARKWA-NSUAEM MUNICIPAL,WESTERN
BENSO SENIOR HIGH/TECH SCHOOL,BENSO,TARKWA-NSUAEM MUNICIPAL,WESTERN
AMENFIMAN SENIOR HIGH SCHOOL,WASA AKROPONG,WASSA AMENFI EAST,WESTERN
ASANKRANGWA SENIOR HIGH SCHOOL,ASANKRAGWA,WASSA AMENFI WEST,WESTERN
NANA BRENTU SENIOR HIGH/TECH SCHOOL,ENCHI,AOWIN SUAMAN,WESTERN NORTH
BIA SENIOR HIGH/TECH SCHOOL,DEBISO ESSIAM,BIA WEST,WESTERN NORTH
ADJOAFUA COMM. SENIOR HIGH SCHOOL,ADJOAFUA,BIA WEST,WESTERN NORTH
BIBIANI SENIOR HIGH/TECH SCHOOL,BIBIANI,BIBIANI/ANHWIASO/ BEKWAI,WESTERN NORTH
"QUEENS GIRLS' SENIOR HIGH SCHOOL, SEFWI AWHIASO",SEFWI AWHIASO,BIBIANI/ANHWIASO/ BEKWAI,WESTERN NORTH
CHIRANO COMM. DAY SENIOR HIGH SCHOOL,CHIRANO,BIBIANI/ANHWIASO/ BEKWAI,WESTERN NORTH
SEFWI BEKWAI SENIOR HIGH SCHOOL,SEFWI BEKWAI,BIBIANI/ANHWIASO/ BEKWAI,WESTERN NORTH
BODI SENIOR HIGH SCHOOL,BODI,BODI,WESTERN NORTH
JUABOSO SENIOR HIGH SCHOOL,JUABOSO,JUABESO,WESTERN NORTH
NSAWORA EDUMAFA COMM. SENIOR HIGH SCHOOL,NSAWORA EDUMAFA,SEFWI AKONTOMBRA,WESTERN NORTH
AKONTOMBRA SENIOR HIGH SCHOOL,AKONTOMBRA,SEFWI AKONTOMBRA,WESTERN NORTH
ASAWINSO SENIOR HIGH SCHOOL,ASAWINSO,SEFWI WIAWSO,WESTERN NORTH
SEFWI-WIAWSO SENIOR HIGH SCHOOL,SEFWI-WIAWSO,SEFWI WIAWSO,WESTERN NORTH
SEFWI-WIAWSO SENIOR HIGH/TECH SCHOOL,SEFWI-WIAWSO,SEFWI WIAWSO,WESTERN NORTH
"ST. JOSEPH SENIOR HIGH SCHOOL, SEFWI WIAWSO",SEFWI WIAWSO,SEFWI WIAWSO ,WESTERN NORTH
DADIESO SENIOR HIGH SCHOOL,DADIESO,SUAMAN,WESTERN NORTH
MANSO-AMENFI COMM. DAY SENIOR HIGH SCHOOL,MANSO-AMENFI,WASSA AMENFI CENTRAL,WESTERN NORTH
,,,
,,,
,,,
